famille;produit;cote_2026;derniere_vente;adj_min;adj_max;nb_adj;vivante;adjudications (date:prix);id
Tarragone;Chartreuse Tarragone 1944-1957;4130.0;2022-02-11;4130.0;4130.0;1;non;2022-02-11:4130;182451
Tarragone;Chartreuse Tarragone Jaune 1973-1983 75cl.;1043.0;2025-10-03;834.0;1132.0;4;oui;2024-08-02:834 | 2024-08-02:834 | 2025-04-18:954 | 2025-10-03:1132;178590
Tarragone;Chartreuse Tarragone Jaune 1982-1989;1072.8;2024-03-08;834.0;1416.0;4;non;2022-07-22:1416 | 2024-01-19:834 | 2024-03-08:1073 | 2024-03-08:1192;178591
Tarragone;Chartreuse Tarragone Jaune El Cumbre 1951-1960;2622.4;2026-03-13;2622.0;3422.0;2;oui;2023-02-03:3422 | 2026-03-13:2622;211290
Tarragone;Chartreuse Tarragone Jaune El Cumbre 1951-1960 50cl;1370.8;2025-07-18;954.0;1609.0;4;oui;2023-03-17:1593 | 2023-04-28:1371 | 2023-04-28:1609 | 2025-07-18:954;211291
Tarragone;Chartreuse Tarragone Jaune El Gruño 1965-1966;1072.8;2024-01-19;1073.0;1073.0;1;non;2024-01-19:1073;231111
Tarragone;Chartreuse Tarragone Jaune La Fabiola 1972-1973;2124.0;2023-02-03;2124.0;2124.0;1;non;2023-02-03:2124;212270
Tarragone;Chartreuse Tarragone Jaune La Seisenta 1960-1965;2301.0;2023-02-03;2301.0;2301.0;1;non;2023-02-03:2301;211630
Tarragone;Chartreuse Tarragone Jaune mise 1968;1251.6;2024-03-08;1252.0;1252.0;1;non;2024-03-08:1252;231181
Tarragone;Chartreuse Tarragone Verte 1973-1983;1370.8;2026-07-17;894.0;1371.0;4;oui;2024-10-04:894 | 2025-01-24:954 | 2025-03-14:1311 | 2026-07-17:1371;178589
Tarragone;Chartreuse Tarragone Verte 3cl.;33.38;2024-01-19;33.0;37.0;4;non;2024-01-19:33 | 2024-01-19:33 | 2024-01-19:37 | 2024-01-19:37;231109
Tarragone;Chartreuse Une Tarragone Jaune 1936-1941;3703.74;2023-02-03;3422.0;3422.0;1;non;2023-02-03:3422;211629
Tarragone;Chartreuse Une Tarragone Jaune Jadis 1932-1941 75cl.;3602.74;2025-07-18;2980.0;2980.0;1;oui;2025-07-18:2980;235139
Tarragone;Chartreuse Une Tarragone Verte 1936-1941;5960.04;2024-01-19;4768.0;4768.0;1;non;2024-01-19:4768;230666
Voiron (périodes anciennes);Chartreuse 10 years 1940 Vieillissement Exceptionnel One of 800;7740.83;2022-04-08;7080.0;7080.0;1;non;2022-04-08:7080;185809
Voiron (périodes anciennes);Chartreuse Jaune 1941-1951;3065.16;2023-02-03;2832.0;2832.0;1;non;2023-02-03:2832;211649
Voiron (périodes anciennes);Chartreuse Jaune 1941-1951 50cl.;3354.36;2021-10-22;3068.0;3068.0;1;non;2021-10-22:3068;174993
Voiron (périodes anciennes);Chartreuse Jaune 1951-1956;1192.0;2026-01-30;1192.0;1829.0;3;oui;2022-12-09:1829 | 2025-01-24:1430 | 2026-01-30:1192;208529
Voiron (périodes anciennes);Chartreuse Jaune 1956-1962;1935.22;2022-12-09;1770.0;1770.0;1;non;2022-12-09:1770;207889
Voiron (périodes anciennes);Chartreuse Jaune 1972-1982;720.55;2025-04-18;401.0;944.0;3;oui;2022-02-11:944 | 2022-02-11:401 | 2025-04-18:596;180536
Voiron (périodes anciennes);Chartreuse Verte 1941-1951;1788.0;2026-01-30;1430.0;1788.0;2;oui;2024-06-07:1430 | 2026-01-30:1788;231528
Voiron (périodes anciennes);Chartreuse Verte 1951-1956;1490.01;2024-06-07;1192.0;1192.0;1;non;2024-06-07:1192;231581
Voiron (périodes anciennes);Chartreuse Verte 1956-1962;1132.4;2026-01-30;1132.0;1192.0;2;oui;2025-10-03:1192 | 2026-01-30:1132;235538
Voiron (périodes anciennes);Chartreuse Verte 1956-1962 1.5L;2386.76;2022-04-08;2183.0;2183.0;1;non;2022-04-08:2183;184229
Voiron (périodes anciennes);Chartreuse Verte 1962-1966;1152.88;2025-11-14;954.0;1003.0;4;oui;2023-03-17:1003 | 2024-11-15:954 | 2024-11-15:954 | 2025-11-14:954;209453
Voiron (périodes anciennes);Chartreuse Verte 1972-1982;461.15;2025-04-18;381.0;477.0;4;oui;2023-07-21:429 | 2023-07-21:405 | 2023-07-21:477 | 2025-04-18:381;180535
Voiron (périodes anciennes);Chartreuse Verte 1982-1989;223.5;2026-03-13;153.0;453.0;4;oui;2022-02-11:153 | 2024-03-08:179 | 2025-10-03:262 | 2026-03-13:453;180301
VEP;Chartreuse Jaune V.E.P. Mise 1964;2383.77;2024-10-04;1907.0;1907.0;1;non;2024-10-04:1907;232483
VEP;Chartreuse Jaune V.E.P. Mise 1968;2086.01;2024-04-19;1669.0;1669.0;1;non;2024-04-19:1669;231391
VEP;Chartreuse Jaune V.E.P. Mise 1972 1L.;2017.54;2025-03-14;1669.0;1669.0;1;oui;2025-03-14:1669;234070
VEP;Chartreuse Jaune V.E.P. Mise 1998;685.4;2024-01-19;524.0;548.0;4;non;2024-01-19:548 | 2024-01-19:548 | 2024-01-19:524 | 2024-01-19:524;230800
VEP;Chartreuse Jaune V.E.P. Mise 2000;685.4;2024-01-19;524.0;548.0;4;non;2024-01-19:548 | 2024-01-19:548 | 2024-01-19:524 | 2024-01-19:548;230801
VEP;Chartreuse Jaune V.E.P. Mise 2004 50cl.;506.61;2024-04-19;405.0;448.0;2;non;2023-03-17:448 | 2024-04-19:405;214469
VEP;Chartreuse Jaune V.E.P. Mise 2012;417.2;2024-03-08;334.0;334.0;1;non;2024-03-08:334;231014
VEP;Chartreuse Jaune V.E.P. Mise 2013 1L.;605.26;2025-01-24;501.0;501.0;1;oui;2025-01-24:501;233870
VEP;Chartreuse Jaune V.E.P. Mise 2016 1L;452.96;2026-03-13;405.0;477.0;4;oui;2026-03-13:453 | 2026-03-13:429 | 2026-03-13:477 | 2026-03-13:405;231265
VEP;Chartreuse Jaune V.E.P. Mise 2018 3L.;3890.96;2025-03-14;3218.0;3218.0;1;oui;2025-03-14:3218;224349
VEP;Chartreuse Jaune V.E.P. Mise 2019;417.2;2024-03-08;334.0;334.0;1;non;2024-03-08:334;231263
VEP;Chartreuse Jaune V.E.P. Mise 2020 1L.;410.71;2025-04-18;298.0;346.0;4;oui;2024-03-08:322 | 2024-03-08:298 | 2025-04-18:346 | 2025-04-18:334;231264
VEP;Chartreuse Jaune V.E.P. Mise 2021 1L.;381.89;2025-06-06;310.0;322.0;4;oui;2025-04-18:310 | 2025-04-18:310 | 2025-06-06:322 | 2025-06-06:322;231246
VEP;Chartreuse Jaune V.E.P. Mise 2022 1L.;403.51;2025-04-18;322.0;345.0;4;oui;2024-10-04:345 | 2025-03-14:334 | 2025-03-14:334 | 2025-04-18:322;207769
VEP;Chartreuse Jaune V.E.P. Mise 2023 1L.;377.56;2026-07-17;312.0;429.0;4;oui;2025-04-18:312 | 2025-07-18:393 | 2025-07-18:358 | 2026-07-17:429;215989
VEP;Chartreuse Jaune V.E.P. Mise 2024 1L.;374.69;2025-04-18;310.0;310.0;2;oui;2025-04-18:310 | 2025-04-18:310;234462
VEP;Chartreuse Verte V.E.P. 200th Anniversary of American Independance - bottled 1975 Special Limited Edition;5661.29;;;;0;non;;232665
VEP;Chartreuse Verte V.E.P. Mise 1964 1L.;1907.2;2026-04-24;1788.0;2205.0;3;oui;2025-04-18:2205 | 2025-12-12:1788 | 2026-04-24:1907;234501
VEP;Chartreuse Verte V.E.P. Mise 1968 1L.;2161.65;2025-12-12;1550.0;1966.0;3;oui;2024-08-02:1966 | 2025-10-03:1788 | 2025-12-12:1550;232081
VEP;Chartreuse Verte V.E.P. Mise 1970 1L.;2089.59;2025-03-14;1728.0;1728.0;1;oui;2025-03-14:1728;234071
VEP;Chartreuse Verte V.E.P. Mise 1972;1490.01;2024-04-19;1132.0;1252.0;2;non;2024-01-19:1252 | 2024-04-19:1132;230665
VEP;Chartreuse Verte V.E.P. Mise 1974;1532.58;2023-02-03;1416.0;1416.0;1;non;2023-02-03:1416;210131
VEP;Chartreuse Verte V.E.P. Mise 1975 1L.;1729.32;2025-12-12;834.0;1430.0;3;oui;2024-01-19:1192 | 2025-10-03:1430 | 2025-12-12:834;230664
VEP;Chartreuse Verte V.E.P. Mise 1992 1L.;691.73;2025-06-06;572.0;572.0;1;oui;2025-06-06:572;235021
VEP;Chartreuse Verte V.E.P. Mise 1995 50cl.;610.46;2024-11-15;464.0;536.0;4;non;2024-08-02:464 | 2024-08-02:536 | 2024-08-02:488 | 2024-11-15:489;185592
VEP;Chartreuse Verte V.E.P. Mise 1997 1L.;936.71;2025-07-18;775.0;775.0;1;oui;2025-07-18:775;235069
VEP;Chartreuse Verte V.E.P. Mise 1997 50cl.;625.8;2024-11-15;465.0;536.0;2;non;2024-11-15:536 | 2024-11-15:465;232202
VEP;Chartreuse Verte V.E.P. Mise 1999 50cl.;662.9;2025-03-14;548.0;548.0;1;oui;2025-03-14:548;234242
VEP;Chartreuse Verte V.E.P. Mise 2000;894.0;2026-04-24;715.0;894.0;4;oui;2022-02-11:885 | 2023-03-17:826 | 2024-01-19:715 | 2026-04-24:894;181681
VEP;Chartreuse Verte V.E.P. Mise 2001 1L.;634.08;2025-04-18;524.0;524.0;1;oui;2025-04-18:524;234703
VEP;Chartreuse Verte V.E.P. Mise 2007 1L.;605.26;2025-10-03;501.0;501.0;1;oui;2025-10-03:501;235202
VEP;Chartreuse Verte V.E.P. Mise 2007 50cl.;408.69;2023-03-17;378.0;378.0;1;non;2023-03-17:378;214470
VEP;Chartreuse Verte V.E.P. Mise 2008 50cl.;383.14;2023-03-17;354.0;354.0;1;non;2023-03-17:354;214471
VEP;Chartreuse Verte V.E.P. Mise 2010;464.45;2023-11-03;429.0;429.0;1;non;2023-11-03:429;230075
VEP;Chartreuse Verte V.E.P. Mise 2010 50cl.;383.14;2023-03-17;354.0;354.0;1;non;2023-03-17:354;214472
VEP;Chartreuse Verte V.E.P. Mise 2011 1L.;1355.91;2024-12-13;1085.0;1085.0;1;non;2024-12-13:1085;233150
VEP;Chartreuse Verte V.E.P. Mise 2011 50cl.;514.06;2024-04-19;322.0;543.0;3;non;2023-02-03:543 | 2024-03-08:501 | 2024-04-19:322;209569
VEP;Chartreuse Verte V.E.P. Mise 2012;374.14;2021-12-10;342.0;342.0;1;non;2021-12-10:342;178567
VEP;Chartreuse Verte V.E.P. Mise 2015 50cl.;302.63;2025-04-18;250.0;250.0;1;oui;2025-04-18:250;234781
VEP;Chartreuse Verte V.E.P. Mise 2016 1L.;634.08;2025-07-18;524.0;524.0;1;oui;2025-07-18:524;235135
VEP;Chartreuse Verte V.E.P. Mise 2016 3L.;3458.63;2025-03-14;2861.0;2861.0;1;oui;2025-03-14:2861;233896
VEP;Chartreuse Verte V.E.P. Mise 2017 3L.;3386.58;2025-04-18;2622.0;2980.0;2;oui;2025-03-14:2980 | 2025-04-18:2622;233897
VEP;Chartreuse Verte V.E.P. Mise 2018 1L.;387.4;2026-06-12;310.0;477.0;2;oui;2024-03-08:310 | 2026-06-12:477;231261
VEP;Chartreuse Verte V.E.P. Mise 2019 1L.;405.28;2026-04-24;310.0;405.0;4;oui;2024-03-08:310 | 2024-04-19:405 | 2026-04-24:405 | 2026-04-24:405;231262
VEP;Chartreuse Verte V.E.P. Mise 2020 1L.;389.1;2025-07-18;310.0;405.0;4;oui;2025-04-18:322 | 2025-04-18:310 | 2025-06-06:322 | 2025-07-18:405;168152
VEP;Chartreuse Verte V.E.P. Mise 2021 1L.;374.69;2025-06-06;298.0;322.0;4;oui;2025-04-18:298 | 2025-04-18:322 | 2025-06-06:310 | 2025-06-06:310;214729
VEP;Chartreuse Verte V.E.P. Mise 2022 1L.;374.69;2025-07-18;286.0;346.0;4;oui;2025-04-18:286 | 2025-06-06:310 | 2025-06-06:310 | 2025-07-18:346;187789
VEP;Chartreuse Verte V.E.P. Mise 2023 1L.;389.1;2026-07-17;322.0;429.0;4;oui;2025-07-18:358 | 2025-07-18:405 | 2025-11-14:322 | 2026-07-17:429;215990
VEP;Chartreuse Verte V.E.P. Mise 2024 1L.;405.28;2026-07-17;298.0;477.0;4;oui;2025-04-18:298 | 2026-03-13:477 | 2026-06-12:405 | 2026-07-17:405;233023
Éditions limitées;Chartreuse Episcopale du IIIe Millénaire 1L.;1370.8;2026-04-24;1013.0;1609.0;4;oui;2025-04-18:1013 | 2025-06-06:1609 | 2025-11-14:1311 | 2026-04-24:1371;178566
Éditions limitées;Chartreuse Fous de Chartreuse Mise 2018 - One of 400 1L.;518.79;2025-04-18;429.0;429.0;1;oui;2025-04-18:429;234704
Éditions limitées;Chartreuse Fous de Chartreuse Mise 2020 50cl.;208.6;2024-11-15;167.0;191.0;3;non;2024-03-08:167 | 2024-11-15:167 | 2024-11-15:191;231238
Éditions limitées;Chartreuse Fous de Chartreuse Mise 2021 35cl.;131.86;2024-03-08;103.0;108.0;2;non;2024-03-08:108 | 2024-03-08:103;231239
Éditions limitées;Chartreuse Fous de Chartreuse Mise 2022 1L.;447.01;2024-11-15;358.0;358.0;1;non;2024-11-15:358;232901
Éditions limitées;Chartreuse Fous de Chartreuse Mise 2022 35cl.;126.65;2024-11-15;89.0;107.0;4;non;2024-11-15:107 | 2024-11-15:89 | 2024-11-15:101 | 2024-11-15:101;232885
Éditions limitées;Chartreuse Fous de Chartreuse Mise 2023 35cl.;111.75;2024-11-15;83.0;95.0;4;non;2024-11-15:89 | 2024-11-15:95 | 2024-11-15:83 | 2024-11-15:89;232900
Éditions limitées;Chartreuse Fous de Chartreuse Mise 2023 70cl.;432.1;2024-11-15;346.0;346.0;1;non;2024-11-15:346;232902
Éditions limitées;Chartreuse Jaune - Reine des Liqueurs Mise 2017 - 1084 bouteilles marché export;518.79;2025-03-14;429.0;453.0;2;oui;2024-11-15:453 | 2025-03-14:429;233059
Éditions limitées;Chartreuse Jaune - Reine des Liqueurs Mise 2018 - 2018 bouteilles;432.33;2025-03-14;354.0;401.0;3;oui;2022-11-04:354 | 2023-03-17:401 | 2025-03-14:358;206590
Éditions limitées;Chartreuse Jaune - Reine des Liqueurs Mise 2019 - 1300 bouteilles marché export;387.4;2024-03-08;310.0;322.0;4;non;2024-03-08:322 | 2024-03-08:310 | 2024-03-08:322 | 2024-03-08:310;231248
Éditions limitées;Chartreuse Jaune - Reine des Liqueurs Mise 2019 - 2019 bouteilles;410.71;2025-04-18;334.0;346.0;2;oui;2025-03-14:334 | 2025-04-18:346;231247
Éditions limitées;Chartreuse Jaune - Reine des Liqueurs Mise 2020 - 1350 bouteilles marché export;357.6;2024-03-08;274.0;298.0;4;non;2024-03-08:274 | 2024-03-08:286 | 2024-03-08:286 | 2024-03-08:298;231267
Éditions limitées;Chartreuse Jaune - Reine des Liqueurs Mise 2020 - 2020 bouteilles;389.1;2025-03-14;310.0;334.0;2;oui;2025-03-14:334 | 2025-03-14:310;231249
Éditions limitées;Chartreuse Jaune - Reine des Liqueurs Mise 2021 - 1700 bouteilles marché export;357.6;2024-04-19;274.0;346.0;4;non;2024-03-08:274 | 2024-03-08:274 | 2024-03-08:286 | 2024-04-19:346;231268
Éditions limitées;Chartreuse Jaune - Reine des Liqueurs Mise 2021 - 2500 bouteilles;389.1;2025-06-06;286.0;334.0;4;oui;2025-04-18:286 | 2025-04-18:298 | 2025-06-06:322 | 2025-06-06:334;214488
Éditions limitées;Chartreuse Jaune - Reine des Liqueurs Mise 2022 - 1700 bouteilles marché export;309.64;2022-12-09;283.0;283.0;1;non;2022-12-09:283;209451
Éditions limitées;Chartreuse Jaune - Reine des Liqueurs Mise 2022 - 2400 bouteilles;374.69;2025-06-06;274.0;346.0;4;oui;2025-03-14:334 | 2025-04-18:286 | 2025-04-18:274 | 2025-06-06:346;215009
Éditions limitées;Chartreuse Jaune - Reine des Liqueurs Mise 2023 - 1700 bouteilles;374.69;2025-11-14;286.0;322.0;3;oui;2024-03-08:286 | 2025-01-24:298 | 2025-11-14:322;231236
Éditions limitées;Chartreuse Jaune - Reine des Liqueurs Mise 2023 - 2400 bouteilles;331.45;2025-04-18;274.0;334.0;2;oui;2024-11-15:334 | 2025-04-18:274;232884
Éditions limitées;Chartreuse Jaune 1903-2003 Commémorative de l'arrivée à Tarragone;1490.01;2026-07-17;1192.0;1788.0;4;oui;2023-07-21:1550 | 2024-01-19:1192 | 2025-12-12:1490 | 2026-07-17:1788;224370
Éditions limitées;Chartreuse Jaune Edition Cuivre - Mise 2021 3L.;2125.62;2025-12-12;1609.0;1907.0;3;oui;2025-03-14:1609 | 2025-04-18:1907 | 2025-12-12:1907;215869
Éditions limitées;Chartreuse Jaune Fêtes de la Chartreuse 2021 Edition Limitée;87.17;2024-03-08;61.0;79.0;2;non;2024-03-08:61 | 2024-03-08:79;231240
Éditions limitées;Chartreuse Jaune Les Fêtes de la Chartreuse 2023 Edition Limitée;67.05;2024-08-02;42.0;50.0;4;non;2024-08-02:42 | 2024-08-02:50 | 2024-08-02:50 | 2024-08-02:50;222769
Éditions limitées;Chartreuse Jaune Santa Tecla 2004 - One of 4000;745.01;2024-04-19;596.0;596.0;2;non;2024-04-19:596 | 2024-04-19:596;231389
Éditions limitées;Chartreuse Jaune Santa Tecla 2006 Serie Limitada;438.65;2022-02-11;401.0;401.0;1;non;2022-02-11:401;180303
Éditions limitées;Chartreuse Jaune Santa Tecla 2007 Serie Limitada;412.84;2022-02-11;378.0;378.0;1;non;2022-02-11:378;180304
Éditions limitées;Chartreuse Jaune Santa Tecla 2008 Serie Limitada;412.84;2022-02-11;378.0;378.0;1;non;2022-02-11:378;180305
Éditions limitées;Chartreuse Jaune Santa Tecla 2011 Serie Limitada;283.83;2022-02-11;260.0;260.0;1;non;2022-02-11:260;180307
Éditions limitées;Chartreuse Jaune Santa Tecla 2012 Serie Limitada;193.52;2022-02-11;177.0;177.0;1;non;2022-02-11:177;180308
Éditions limitées;Chartreuse Jaune Santa Tecla 2017 Serie Limitada;178.8;2024-03-08;131.0;143.0;3;non;2024-01-19:143 | 2024-03-08:131 | 2024-03-08:143;230716
Éditions limitées;Chartreuse Jaune Santa Tecla 2018 Serie Limitada;163.9;2024-04-19;119.0;191.0;4;non;2024-03-08:119 | 2024-03-08:131 | 2024-03-08:131 | 2024-04-19:191;231232
Éditions limitées;Chartreuse Jaune Santa Tecla 2019 Serie Limitada;163.9;2024-12-13;131.0;203.0;4;non;2024-03-08:143 | 2024-03-08:131 | 2024-04-19:203 | 2024-12-13:203;231231
Éditions limitées;Chartreuse Jaune Santa Tecla 2020 Serie Limitada;149.01;2024-06-07;143.0;167.0;4;non;2024-04-19:167 | 2024-04-19:155 | 2024-06-07:143 | 2024-06-07:143;172316
Éditions limitées;Chartreuse Jaune Santa Tecla 2021 Serie Limitada;149.01;2024-03-08;119.0;131.0;3;non;2024-03-08:119 | 2024-03-08:119 | 2024-03-08:131;231235
Éditions limitées;Chartreuse Jaune Une Chartreuse Mise 2017;4023.03;2025-12-12;3099.0;3218.0;2;oui;2024-04-19:3218 | 2025-12-12:3099;231431
Éditions limitées;Chartreuse Liqueur d'Elixir 1605;100.88;2026-03-13;73.0;113.0;3;oui;2024-01-19:73 | 2025-06-06:83 | 2026-03-13:113;230969
Éditions limitées;Chartreuse Liqueur d'Elixir 1605 3L;461.15;2025-04-18;381.0;381.0;2;oui;2025-03-14:381 | 2025-04-18:381;229193
Éditions limitées;Chartreuse Liqueur d'Elixir 1605 Mise 2023;74.5;2024-11-15;60.0;60.0;1;non;2024-11-15:60;232883
Éditions limitées;Chartreuse Liqueur du 9e Centenaire 70cl.;206.42;2022-11-04;189.0;189.0;1;non;2022-11-04:189;204069
Éditions limitées;Chartreuse Liqueur du 9e Centenaire 75cl.;543.86;2024-03-08;435.0;435.0;1;non;2024-03-08:435;231215
Éditions limitées;Chartreuse Liqueur du 9e Centenaire Mise 2017;208.6;2024-01-19;167.0;167.0;1;non;2024-01-19:167;231004
Éditions limitées;Chartreuse Liqueur du 9e Centenaire Mise 2018;134.1;2024-01-19;107.0;107.0;1;non;2024-01-19:107;230959
Éditions limitées;Chartreuse Liqueur du 9e Centenaire Mise 2019;178.8;2024-03-08;143.0;143.0;1;non;2024-03-08:143;231233
Éditions limitées;Chartreuse Liqueur du 9e Centenaire Mise 2020;115.48;2024-06-07;83.0;107.0;4;non;2024-03-08:83 | 2024-04-19:95 | 2024-04-19:107 | 2024-06-07:107;230960
Éditions limitées;Chartreuse Liqueur du 9e Centenaire Mise 2021;111.25;2025-10-03;83.0;167.0;4;oui;2024-10-04:89 | 2024-10-04:89 | 2024-10-04:83 | 2025-10-03:167;231226
Éditions limitées;Chartreuse Liqueur du 9e Centenaire Mise 2021 3L;756.58;2025-04-18;596.0;708.0;3;oui;2023-03-17:708 | 2025-03-14:656 | 2025-04-18:596;210991
Éditions limitées;Chartreuse Liqueur du 9e Centenaire Mise 2022;107.28;2026-01-30;95.0;113.0;4;oui;2024-11-15:113 | 2024-11-15:107 | 2024-12-13:95 | 2026-01-30:107;214489
Éditions limitées;Chartreuse Liqueur du 9e Centenaire Mise 2022 3L;864.66;2025-03-14;715.0;715.0;1;oui;2025-03-14:715;234401
Éditions limitées;Chartreuse Liqueur du 9e Centenaire Mise 2024;119.2;2024-12-13;95.0;95.0;1;non;2024-12-13:95;233102
Éditions limitées;Chartreuse Liqueur du foudre 147;158.52;2025-04-18;131.0;167.0;4;oui;2025-01-24:131 | 2025-01-24:131 | 2025-01-24:131 | 2025-04-18:167;230968
Éditions limitées;Chartreuse Liqueur du foudre 147 Mise 2023;149.01;2026-06-12;119.0;453.0;4;oui;2024-11-15:119 | 2025-06-06:334 | 2025-11-14:453 | 2026-06-12:167;222771
Éditions limitées;Chartreuse Liqueur du foudre 147 Mise 2024;126.65;2026-03-13;101.0;149.0;4;oui;2024-11-15:101 | 2024-11-15:101 | 2024-11-15:119 | 2026-03-13:149;233024
Éditions limitées;Chartreuse Marseille 1921-2021 One of 760;4768.0;2026-03-13;4291.0;5364.0;4;oui;2023-07-21:5364 | 2023-11-03:4291 | 2025-07-18:4768 | 2026-03-13:4768;208912
Éditions limitées;Chartreuse Meilleurs Ouvriers de France Sommeliers Mise 2020;95.36;2026-01-30;73.0;226.0;4;oui;2024-01-19:73 | 2024-03-08:91 | 2025-10-03:226 | 2026-01-30:95;231112
Éditions limitées;Chartreuse Meilleurs Ouvriers de France Sommeliers Mise 2021;96.85;2026-01-30;77.0;107.0;4;oui;2024-03-08:77 | 2024-03-08:79 | 2024-03-08:83 | 2026-01-30:107;219714
Éditions limitées;Chartreuse Meilleurs Ouvriers de France Sommeliers Mise 2022;89.4;2026-01-30;77.0;119.0;4;oui;2024-11-15:77 | 2024-11-15:89 | 2025-10-03:119 | 2026-01-30:89;217111
Éditions limitées;Chartreuse Meilleurs Ouvriers de France Sommeliers Mise 2022 3L.;518.79;2025-07-18;405.0;524.0;4;oui;2025-03-14:453 | 2025-04-18:405 | 2025-04-18:405 | 2025-07-18:524;231224
Éditions limitées;Chartreuse Meilleurs Ouvriers de France Sommeliers Mise 2023;107.28;2026-01-30;95.0;107.0;2;oui;2025-10-03:95 | 2026-01-30:107;235419
Éditions limitées;Chartreuse Meilleurs Ouvriers de France Sommeliers Mise 2023 3L;489.97;2025-03-14;405.0;405.0;1;oui;2025-03-14:405;234344
Éditions limitées;Chartreuse Meilleurs Ouvriers de France Sommeliers Mise 2024;108.08;2025-06-06;89.0;89.0;1;oui;2025-06-06:89;234982
Éditions limitées;Chartreuse Tau Mise 2018;187.34;2025-01-24;155.0;155.0;2;oui;2025-01-24:155 | 2025-01-24:155;233781
Éditions limitées;Chartreuse Tau Mise 2019;149.01;2024-12-13;119.0;119.0;1;non;2024-12-13:119;233425
Éditions limitées;Chartreuse Tau Mise 2020;178.8;2026-01-30;143.0;179.0;4;oui;2024-06-07:143 | 2024-06-07:155 | 2024-06-07:155 | 2026-01-30:179;231228
Éditions limitées;Chartreuse Tau Mise 2021 On Trade Cocktail Group;149.01;2026-01-30;119.0;179.0;4;oui;2024-03-08:119 | 2024-03-08:119 | 2024-03-08:119 | 2026-01-30:179;210090
Éditions limitées;Chartreuse Tau Mise 2022;178.8;2024-06-07;143.0;167.0;4;non;2024-04-19:167 | 2024-06-07:143 | 2024-06-07:155 | 2024-06-07:155;231229
Éditions limitées;Chartreuse Tau Mise 2023 On Trade Cocktail Group;149.88;2026-01-30;124.0;167.0;2;oui;2025-10-03:124 | 2026-01-30:167;235426
Éditions limitées;Chartreuse Tau Mise 2024 On Trade Cocktail Group;131.12;2026-01-30;120.0;131.0;2;oui;2025-10-03:120 | 2026-01-30:131;235425
Éditions limitées;Chartreuse Verte Fêtes de la Chartreuse 2021 Edition Limitée;83.44;2024-03-08;67.0;67.0;1;non;2024-03-08:67;231241
Éditions limitées;Chartreuse Verte Les Fêtes de la Chartreuse 2023 Edition Limitée;71.52;2024-08-02;50.0;53.0;4;non;2024-08-02:50 | 2024-08-02:50 | 2024-08-02:50 | 2024-08-02:53;222770
Éditions limitées;Chartreuse Verte Mise 2017 Série Connectée;156.38;2024-12-13;119.0;171.0;4;non;2023-02-03:171 | 2023-12-08:167 | 2024-10-04:131 | 2024-12-13:119;211038
Éditions limitées;Chartreuse Verte Mise 2020 Aiguenoire - One of 20000;141.55;2024-01-19;113.0;131.0;4;non;2023-07-21:131 | 2023-11-03:113 | 2023-12-08:119 | 2024-01-19:113;201591
Éditions limitées;Chartreuse Verte Santa Tecla 2014 Serie Limitada;223.5;2024-03-08;179.0;179.0;1;non;2024-03-08:179;231230
Éditions limitées;Chartreuse Verte Santa Tecla 2019 Serie Limitada;201.15;2024-03-08;143.0;179.0;2;non;2024-03-08:179 | 2024-03-08:143;231234
Éditions limitées;Chartreuse Verte Santa Tecla 2020 Serie Limitada;149.01;2024-03-08;113.0;119.0;4;non;2024-03-08:119 | 2024-03-08:119 | 2024-03-08:119 | 2024-03-08:113;172318
Éditions limitées;Chartreuse Verte Santa Tecla 2021 Serie Limitada;149.01;2024-03-08;113.0;177.0;4;non;2023-02-03:177 | 2024-03-08:113 | 2024-03-08:119 | 2024-03-08:143;210089
Éditions limitées;Chartreuse Verte Une Chartreuse Mise 2015;;;;;0;non;;232298
Éditions limitées;Chartreuse Verte Une Chartreuse Mise 2016;3799.53;2024-08-02;2980.0;3099.0;2;non;2024-04-19:3099 | 2024-08-02:2980;231430
Éditions limitées;Chartreuse Verte Une Chartreuse Mise 2022 - One of 120;3277.52;2024-08-02;2622.0;2622.0;1;non;2024-08-02:2622;232121
Mises courantes;Chartreuse Jaune;116.73;2025-12-12;57.0;191.0;4;oui;2025-03-14:191 | 2025-06-06:57 | 2025-06-06:97 | 2025-12-12:107;233698
Mises courantes;Chartreuse Jaune Mise 2016;97.74;2026-01-30;98.0;132.0;2;oui;2025-10-03:132 | 2026-01-30:98;235420
Mises courantes;Chartreuse Jaune Mise 2017 Trade Coktail Group Import;116.73;2025-10-03;97.0;97.0;1;oui;2025-10-03:97;235421
Mises courantes;Chartreuse Jaune Mise 2018;116.73;2025-10-03;97.0;97.0;1;oui;2025-10-03:97;235422
Mises courantes;Chartreuse Jaune Mise 2019;73.9;2026-01-30;57.0;74.0;2;oui;2024-06-07:57 | 2026-01-30:74;231685
Mises courantes;Chartreuse Jaune Mise 2021;85.03;2025-06-06;70.0;70.0;1;oui;2025-06-06:70;235022
Mises courantes;Chartreuse Jaune Mise 2022;41.27;2023-07-21;38.0;38.0;2;non;2023-07-21:38 | 2023-07-21:38;223052
Mises courantes;Chartreuse Jaune Mise 2023 35cl.;49.18;2024-11-15;39.0;39.0;1;non;2024-11-15:39;232903
Mises courantes;Chartreuse La Chartreuse bottled 2017 Velier 70 years old 50cl.;149.01;2024-11-15;119.0;119.0;1;non;2024-11-15:119;233045
Mises courantes;Chartreuse Verte;121.05;2025-10-03;51.0;180.0;4;oui;2025-06-06:132 | 2025-06-06:108 | 2025-06-06:51 | 2025-10-03:180;232927
Mises courantes;Chartreuse Verte 250 ans;208.6;2024-11-15;167.0;167.0;1;non;2024-11-15:167;233060
Mises courantes;Chartreuse Verte 3L;593.46;2022-12-09;543.0;543.0;1;non;2022-12-09:543;207789
Mises courantes;Chartreuse Verte Mise 2017 Trade Coktail Group Import;125.37;2025-10-03;104.0;104.0;1;oui;2025-10-03:104;235424
Mises courantes;Chartreuse Verte Mise 2019;73.9;2026-01-30;74.0;92.0;2;oui;2025-10-03:92 | 2026-01-30:74;235423
Mises courantes;Chartreuse Verte Mise 2020;48.37;2026-01-30;42.0;74.0;3;oui;2022-12-09:46 | 2022-12-09:42 | 2026-01-30:74;209070
Mises courantes;Chartreuse Verte Mise 2022;46.44;2023-07-21;43.0;43.0;2;non;2023-07-21:43 | 2023-07-21:43;223053
Mises courantes;Chartreuse Verte Mise 2023;82.14;2025-07-18;68.0;68.0;1;oui;2025-07-18:68;235131
Mises courantes;Chartreuse Verte Mise 2023 Coffret avec 2 verres;75.98;2024-03-08;57.0;67.0;4;non;2024-03-08:67 | 2024-03-08:61 | 2024-03-08:57 | 2024-03-08:61;231227
Élixir végétal;Chartreuse Elixir Végétal;153.26;2023-03-17;142.0;142.0;1;non;2023-03-17:142;214509
Élixir végétal;Chartreuse Elixir Végétal Porcelain decanter 100ml.;78.97;2024-11-15;51.0;86.0;3;non;2024-01-19:86 | 2024-11-15:63 | 2024-11-15:51;231072
